gender,loanRequirementIn1000$,homeOwnership,creditScore,creditUtlization,loanStatus
1,17,0,990,28,1
0,67,1,462,35,1
0,15,1,980,23,1
1,56,1,195,39,0
1,40,0,405,65,0
0,17,1,985,19,1
1,68,0,460,38,0
0,44,0,805,5,1
1,51,0,105,35,0
1,22,0,525,27,0
0,38,0,820,54,1
1,89,1,235,43,0
0,16,1,960,3,1
0,50,0,720,20,1
0,13,1,855,23,1
0,29,1,950,6,1
1,35,0,415,77,0
0,31,1,680,19,1
0,71,1,225,40,0
1,81,1,406,34,1
0,41,0,765,13,1
1,38,0,405,51,0
0,56,0,735,15,1
0,26,1,895,51,1
0,67,1,840,56,1
0,65,0,300,40,0
0,17,0,680,26,1
0,27,0,845,17,1
1,14,0,857,0,0
1,74,0,120,38,0
1,85,1,165,43,0
1,88,0,315,50,0
0,41,0,700,20,1
1,54,0,300,56,0
1,29,1,735,10,1
0,17,1,935,7,1
0,32,0,710,16,1
1,47,0,415,82,0
1,57,0,460,56,0
0,41,0,855,24,1
0,59,0,890,17,1
0,16,1,915,7,1
0,47,1,745,17,1
1,46,0,435,51,0
0,57,1,945,11,1
1,37,0,435,75,0
0,20,1,975,16,1
1,37,1,245,7,0
1,32,1,985,10,1
1,48,0,415,50,0
1,44,0,375,50,0
0,59,1,660,23,1
1,42,0,460,65,0
1,61,0,360,24,0
1,54,0,455,54,0
0,16,0,810,25,1
0,15,1,975,19,1
1,47,0,345,76,0
1,42,0,325,78,0
1,49,0,345,75,0
1,30,0,870,24,1
0,53,0,440,35,0
0,35,0,940,6,1
0,29,1,945,11,1
1,32,1,940,18,1
1,57,1,190,31,0
0,58,0,240,35,0
1,56,1,675,15,1
0,53,1,725,12,1
0,21,1,850,3,1
0,12,1,995,18,1
0,18,1,875,24,1
0,10,1,880,2,1
1,59,0,130,36,0
1,81,1,170,59,0
0,58,0,690,28,1
0,46,1,685,5,1
0,45,1,890,20,1
1,47,0,450,75,0
1,37,0,385,83,0
1,35,0,445,83,0
0,33,0,655,15,1
1,64,1,230,51,0
0,10,1,915,10,1
1,42,0,485,66,0
1,53,0,465,66,0
1,72,1,690,47,1
0,50,0,805,42,1
0,19,0,675,5,1
0,53,0,405,50,0
1,24,1,735,13,1
0,49,1,665,5,1
1,72,1,990,31,1
1,74,0,115,49,0
1,51,0,415,64,0
1,92,0,135,43,0
1,63,1,410,32,0
0,75,1,455,9,0
1,43,0,485,78,0
1,46,0,345,70,0
0,54,0,775,10,1
1,96,1,215,52,0
0,13,1,910,3,1
0,63,0,505,59,0
1,55,1,370,32,0
0,49,1,140,24,0
0,11,1,945,9,1
0,46,1,885,14,1
1,49,1,380,27,0
1,96,1,265,58,0
1,65,1,345,37,0
0,15,1,980,1,1
0,17,1,955,1,1
1,57,0,175,37,0
0,86,0,165,46,0
1,58,0,100,47,0
0,33,0,815,27,1
1,53,1,165,51,0
1,90,0,450,30,0
1,54,0,325,71,0
0,21,1,980,11,1
1,86,0,485,44,0
1,92,1,250,52,0
1,36,0,490,61,0
0,29,1,850,11,1
0,53,1,975,10,1
0,22,1,775,6,1
1,52,1,430,57,0
1,37,0,410,64,0
0,30,1,730,21,1
1,88,1,300,44,0
1,88,1,435,42,0
0,53,1,890,33,1
1,41,0,385,58,0
0,75,1,255,58,0
1,52,0,435,66,0
0,53,1,705,14,1
1,83,0,465,12,0
1,94,1,475,54,0
0,48,1,830,34,1
1,48,1,195,29,0
0,97,1,395,57,0
1,61,0,120,30,0
1,17,1,660,15,1
0,87,0,175,37,0
0,12,1,955,42,1
1,71,0,330,31,0
0,10,1,990,25,1
0,18,1,830,3,1
1,87,0,105,56,0
1,88,0,205,55,0
0,35,1,765,10,1
0,97,0,275,13,0
0,14,1,950,15,1
1,56,0,350,30,0
0,45,0,670,17,1
0,64,1,735,52,1
1,53,0,360,73,0
1,86,0,455,46,0
0,25,0,835,19,1
0,22,1,900,27,1
0,97,1,270,34,0
1,81,1,300,36,0
0,52,1,960,38,1
0,13,1,950,9,1
0,54,1,985,51,1
0,41,0,835,26,1
0,22,0,960,29,1
1,49,1,835,20,1
0,19,1,825,1,1
0,26,1,650,9,1
1,32,0,970,45,1
1,45,0,905,28,1
1,91,1,135,58,0
1,19,0,695,22,1
0,17,1,960,10,1
1,81,1,150,39,0
0,41,0,540,15,0
0,25,1,740,26,1
1,80,0,220,31,0
0,27,1,720,28,1
1,52,0,345,53,0
0,55,0,785,34,1
1,92,0,310,20,0
0,13,1,830,13,1
1,43,0,495,58,0
1,35,0,445,64,0
0,24,0,832,21,0
1,36,0,425,62,0
0,24,1,860,23,1
0,24,1,870,5,1
0,22,1,985,32,1
0,48,1,655,11,1
0,14,1,800,5,1
0,20,1,995,8,1
1,39,0,375,59,0
0,19,0,730,15,1
0,53,1,920,15,1
1,71,0,490,51,0
1,72,0,520,43,0
0,31,1,970,10,1
1,81,0,235,45,0
0,47,1,795,23,1
1,29,0,100,16,0
0,24,0,185,22,0
0,11,1,990,27,1
0,53,1,660,18,1
1,54,1,510,35,0
1,64,1,285,55,0
1,58,1,310,42,0
0,35,0,670,28,1
0,44,1,845,23,1
1,99,1,115,29,0
1,51,0,400,50,0
1,96,0,420,36,0
1,38,0,450,60,0
0,29,1,905,7,1
1,55,1,115,39,0
1,53,0,490,12,0
0,54,1,765,7,1
0,61,0,730,33,1
0,19,1,870,2,1
1,82,1,525,21,0
0,34,0,775,24,1
0,40,1,845,25,1
1,73,0,165,35,0
0,15,1,715,27,1
1,55,0,454,58,1
1,78,1,330,48,0
1,94,1,355,34,0
0,14,1,830,23,1
1,79,0,230,30,0
1,79,1,135,51,0
1,42,0,820,10,1
1,55,0,185,10,0
1,94,1,100,53,0
1,44,1,790,6,1
1,52,0,365,37,0
1,62,0,260,55,0
1,80,1,170,43,0
0,74,1,720,54,1
1,15,1,165,22,0
1,39,0,110,5,0
0,13,0,740,12,1
1,71,0,115,15,0
0,24,1,735,26,1
1,35,1,345,12,0
0,10,0,980,24,1
1,44,0,315,62,0
1,54,0,150,59,0
1,54,1,490,47,0
0,8,1,750,31,1
0,82,0,270,43,0
0,10,1,915,20,1
1,64,1,500,30,0
1,90,1,200,53,0
1,82,0,120,47,0
1,40,0,450,56,0
0,94,0,365,44,0
0,20,1,895,5,1
1,49,0,420,62,0
0,49,1,860,19,1
0,12,1,960,21,1
1,53,0,545,47,0
1,83,1,420,35,0
0,37,1,955,26,1
1,17,1,675,6,1
1,95,1,480,41,0
0,21,1,960,7,1
0,17,1,975,24,1
0,35,1,755,12,1
0,50,1,735,24,1
0,21,1,145,6,0
1,72,1,345,45,0
0,38,0,680,21,1
1,90,0,510,53,0
1,47,0,485,68,0
1,89,1,200,45,0
1,60,0,405,43,0
0,67,0,366,54,0
0,28,0,845,19,1
1,86,0,205,16,0
1,70,0,525,37,0
1,51,0,375,50,0
1,50,1,465,53,0
1,69,1,180,43,0
0,7,1,945,26,1
1,59,0,130,39,0
1,21,0,695,9,1
0,21,1,960,6,1
1,26,1,874,19,0
1,48,0,365,84,0
0,54,0,765,22,1
0,38,1,835,12,1
1,72,0,445,52,0
0,12,1,805,23,1
0,41,1,300,79,0
1,8,0,843,5,0
1,45,0,325,76,0
0,37,1,915,29,1
1,62,0,185,42,0
1,54,0,420,54,0
0,23,1,830,28,1
0,19,1,900,11,1
1,80,0,205,48,0
1,66,0,365,41,0
0,54,1,995,50,1
1,32,1,955,24,1
0,39,1,925,29,1
1,50,0,400,50,0
0,42,0,895,16,1
1,35,0,815,10,1
0,48,1,850,7,1
1,61,1,500,38,0
1,49,0,300,43,1
0,93,0,405,10,0
1,40,0,470,56,0
1,25,1,155,18,0
0,44,1,660,26,1
1,51,0,315,81,0
0,50,1,690,26,1
0,15,1,955,25,1
0,13,0,935,23,1
1,43,0,490,59,0
1,52,0,310,83,0
0,30,1,980,23,1
1,53,0,230,11,0
1,18,1,800,24,1
1,74,0,350,47,0
1,65,1,970,41,1
1,75,0,420,52,0
1,16,0,751,33,0
0,95,1,265,21,0
0,43,1,735,13,1
0,22,0,915,18,1
0,74,0,955,30,1
0,25,1,725,29,1
1,44,0,400,53,0
0,12,1,900,2,1
0,76,0,865,32,1
0,26,1,740,27,1
0,70,1,965,45,1
1,63,0,445,36,0
0,11,0,950,25,1
0,73,0,305,19,0
1,59,1,290,45,0
0,17,1,735,26,1
1,39,0,355,55,0
1,81,0,270,38,0
1,67,1,525,52,0
1,56,1,245,45,0
1,68,0,410,38,0
1,47,0,365,82,0
0,37,1,865,16,1
0,15,1,860,2,1
1,52,0,325,70,0
0,34,0,900,17,0
0,88,0,525,29,0
1,33,1,450,18,0
1,89,0,155,33,0
0,74,0,755,42,1
1,83,0,385,27,0
1,73,1,420,34,0
0,16,1,995,12,1
1,14,1,730,23,1
0,16,1,885,1,1
0,49,1,820,15,1
0,18,1,820,19,1
1,52,0,445,74,0
0,41,0,665,11,1
0,13,0,875,28,1
1,75,1,515,31,0
0,69,0,220,52,0
0,50,1,460,34,0
0,30,1,935,29,1
0,47,0,915,16,1
1,81,0,265,44,0
1,51,0,375,39,0
0,28,0,860,26,1
1,50,0,225,48,0
0,36,1,840,20,1
1,52,0,425,52,0
1,50,0,435,50,0
0,7,0,790,15,1
1,71,0,520,41,0
0,72,0,250,37,0
1,64,1,365,48,0
1,67,1,450,31,0
1,82,1,215,41,0
0,30,1,995,6,1
1,50,1,675,11,1
1,88,1,220,44,0
0,10,0,790,12,1
1,81,1,545,59,0
0,29,1,960,25,1
1,40,0,415,80,0
1,47,0,300,84,0
0,18,1,895,23,1
0,24,1,995,29,1
0,19,1,895,35,1
1,46,0,495,54,0
1,35,1,805,23,1
1,57,1,845,18,1
0,18,1,975,33,1
0,41,0,665,8,1
1,40,0,490,70,0
0,13,1,950,21,1
1,38,0,330,72,0
1,65,0,525,31,0
0,14,1,945,23,1
1,78,1,855,38,1
0,51,1,805,26,1
0,71,0,495,50,0
0,16,1,835,24,1
1,51,0,400,52,0
0,54,1,915,35,1
1,65,0,530,57,0
0,30,0,925,25,1
1,99,0,230,35,0
0,16,1,960,26,1
1,27,0,700,14,1
0,51,1,995,25,1
1,81,0,255,38,0
1,31,0,245,9,0
0,38,0,770,16,1
0,41,1,820,17,1
1,54,0,540,43,0
1,69,0,525,35,0
0,17,1,785,15,1
0,94,0,430,33,0
1,58,1,725,15,1
1,56,1,490,34,0
0,10,0,740,12,1
0,30,0,740,17,1
1,79,0,695,44,1
1,42,0,225,12,0
0,41,0,710,14,1
1,98,0,300,55,0
1,29,1,190,10,0
0,9,1,940,26,1
0,20,1,685,20,1
0,27,1,685,30,1
1,49,0,335,54,0
1,79,0,170,47,0
1,99,0,300,43,0
1,63,0,125,32,0
0,41,1,890,10,1
1,96,0,430,53,0
0,17,1,885,3,1
0,36,0,970,11,1
0,14,1,880,27,1
0,55,1,925,28,1
0,20,0,700,13,1
0,36,1,720,5,1
0,44,1,815,11,1
1,94,1,180,50,0
1,84,0,270,57,0
0,20,1,920,25,1
0,52,1,385,10,0
1,39,0,490,61,0
0,51,1,955,18,1
0,14,1,795,10,1
0,12,1,855,10,1
0,75,1,675,40,1
1,44,0,485,67,0
1,98,1,125,9,0
0,46,1,795,5,1
1,22,0,864,10,1
0,89,1,295,48,0
0,87,0,485,42,0
1,48,0,405,84,0
0,30,0,820,9,1
0,8,1,665,20,1
0,15,1,900,28,1
0,15,1,920,22,1
1,56,0,445,10,0
1,61,1,450,58,0
0,50,0,165,41,0
0,46,1,920,12,1
0,50,0,250,17,0
1,50,1,510,51,0
0,55,0,475,57,0
1,13,1,680,16,1
0,15,0,670,19,1
1,88,1,300,29,0
0,23,1,875,13,1
0,43,0,960,24,1
1,62,0,305,46,0
0,44,1,855,23,1
0,31,0,730,10,1
1,43,0,405,69,0
1,97,0,330,47,0
1,83,0,545,36,0
1,42,0,385,69,0
1,9,0,900,30,1
1,80,0,175,38,0
0,97,0,450,52,0
0,71,1,725,48,1
0,13,1,855,27,1
0,60,0,170,57,0
0,37,1,950,19,1
0,11,0,865,21,1
1,95,0,343,39,1
1,98,0,380,24,0
0,56,1,870,37,1
0,49,0,700,9,1
0,46,1,865,45,1
1,97,1,145,45,0
1,50,0,370,81,0
0,20,1,825,27,1
0,13,1,995,13,1
0,18,1,820,25,1
1,59,0,905,20,1
0,47,0,805,58,1
0,87,0,460,43,0
1,91,1,105,51,0
0,16,1,860,13,1
1,15,1,865,10,1
1,54,0,215,46,0
0,73,0,430,43,0
0,7,1,925,25,1
0,23,1,720,14,1
1,97,0,505,43,0
1,64,0,265,52,0
1,66,1,380,37,0
1,32,0,493,21,0
1,35,0,465,78,0
0,53,1,980,42,1
0,13,1,895,18,1
1,54,0,495,80,0
0,55,0,265,44,0
0,58,1,350,6,0
1,81,1,305,58,0
1,51,0,500,41,0
1,67,0,365,33,0
0,20,0,690,54,1
1,90,1,415,49,0
0,57,1,990,11,1
0,55,1,490,53,0
0,22,1,735,24,1
0,14,1,915,14,1
0,46,1,815,7,1
0,15,1,950,8,1
0,79,1,315,28,0
0,37,0,800,29,1
0,22,1,970,23,1
0,55,0,755,27,1
1,42,0,350,59,0
1,58,1,300,28,1
1,88,0,490,41,0
1,72,0,195,50,0
0,76,0,650,58,1
1,51,0,510,47,0
1,44,1,480,27,0
1,91,0,230,30,0
0,75,0,305,34,0
0,49,1,995,5,1
0,66,1,655,51,1
1,51,0,345,75,0
0,56,1,940,16,1
0,39,1,680,5,1
0,26,1,940,12,1
1,31,0,965,40,1
0,44,1,890,8,1
1,71,0,155,52,0
1,80,0,505,46,0
1,78,1,260,32,0
0,72,0,780,33,1
1,99,0,345,42,0
0,50,0,895,38,1
1,95,0,235,38,0
1,45,0,360,58,0
0,15,1,935,7,1
0,54,1,730,55,1
0,73,1,830,33,1
0,39,0,810,17,1
0,59,1,680,20,1
1,87,0,520,52,0
1,76,1,715,59,1
1,58,0,200,35,0
1,50,0,300,64,0
0,76,0,450,44,0
0,17,1,875,2,1
0,20,1,915,5,1
1,48,0,455,56,0
1,36,0,715,11,1
0,18,1,845,10,1
0,21,1,865,15,1
1,88,1,165,38,0
0,82,0,530,59,0
1,99,0,170,5,0
0,75,1,695,54,1
0,11,1,860,4,1
1,72,0,270,51,0
0,36,1,725,22,1
0,7,0,870,57,1
1,35,0,340,64,0
0,19,0,895,9,1
0,24,1,915,17,1
1,41,0,365,61,0
0,20,1,865,5,1
1,95,1,490,33,0
0,25,1,930,21,1
1,63,1,340,35,0
0,58,1,890,43,1
1,47,1,780,27,1
1,62,0,420,36,0
0,28,1,663,24,0
0,23,0,815,11,1
0,62,0,110,33,0
0,52,0,850,16,1
0,42,0,725,6,1
0,92,1,410,42,0
1,57,0,495,57,0
1,42,0,445,77,0
0,44,0,680,17,1
0,73,0,210,45,0
1,41,0,315,75,0
0,46,0,381,59,1
1,51,0,355,31,0
1,69,1,250,50,0
1,53,0,130,29,0
0,22,0,805,9,1
0,14,1,900,5,1
1,74,1,255,42,0
0,55,1,805,28,1
1,50,0,230,59,0
1,55,0,275,42,0
1,69,0,220,32,0
1,51,1,420,51,0
0,30,0,950,15,1
0,7,0,845,16,1
1,58,0,345,53,0
1,61,1,190,34,0
0,19,1,650,14,1
0,33,1,830,20,1
1,85,1,295,29,0
0,31,0,910,7,1
0,7,0,965,19,1
0,11,1,995,28,1
1,54,0,355,73,0
0,31,0,950,9,1
0,13,1,825,28,1
1,98,0,375,52,0
0,24,1,850,26,1
0,87,0,390,46,0
0,68,0,950,50,1
1,8,0,855,8,1
1,86,0,425,37,0
0,29,0,700,13,1
1,62,1,215,45,0
0,26,0,900,11,1
1,88,0,155,30,0
1,36,0,330,60,0
1,54,1,900,8,1
1,49,0,490,79,0
0,53,0,205,30,0
1,38,0,430,78,0
1,35,0,350,77,0
0,23,1,835,7,1
0,38,0,720,49,1
0,17,0,935,29,1
1,13,0,675,27,1
1,96,1,300,49,0
0,25,0,785,22,1
0,7,0,800,14,1
0,97,0,325,50,0
0,28,0,975,24,1
1,50,0,300,65,0
1,94,0,190,47,0
1,31,1,775,9,1
0,24,0,915,29,1
1,64,0,355,7,0
1,51,0,690,47,1
0,90,0,160,35,0
1,98,0,130,42,0
0,42,1,775,8,1
0,45,1,970,52,1
1,38,0,415,50,0
1,88,0,225,41,0
0,54,0,820,17,1
0,16,1,725,49,1
1,96,1,470,45,0
0,26,1,980,26,1
0,71,0,120,54,0
1,87,1,140,40,0
0,20,0,975,24,1
1,70,0,145,37,0
1,35,0,420,64,0
1,35,0,390,56,0
0,24,1,990,0,1
1,53,0,425,84,0
0,41,1,750,15,1
1,68,0,300,42,0
0,55,1,740,28,1
1,37,0,490,76,0
0,29,1,880,15,1
1,58,1,860,18,1
0,68,0,320,46,0
1,77,1,860,50,1
0,12,1,805,19,1
0,34,0,900,27,1
1,76,0,250,36,0
0,19,1,890,28,1
0,50,0,765,13,1
1,51,1,970,20,1
0,46,1,900,15,1
0,18,1,970,0,1
1,36,1,965,26,1
0,12,1,875,2,1
1,55,1,770,33,1
0,27,0,960,27,1
0,17,0,730,35,1
1,33,1,795,13,1
1,79,0,510,48,0
1,27,1,895,56,1
0,21,1,855,3,1
1,51,0,510,33,0
0,15,1,970,24,1
1,86,0,440,18,0
0,70,0,890,55,1
0,17,1,750,29,1
1,35,0,475,71,0
1,93,1,245,28,0
1,46,0,365,74,0
1,89,0,195,30,0
1,70,1,445,54,0
1,52,1,995,29,1
1,36,1,980,14,1
1,36,0,355,60,0
1,67,0,545,33,0
0,16,1,820,19,1
1,51,0,330,66,0
1,82,1,450,59,0
1,11,1,745,12,1
1,95,0,435,30,0
0,19,0,950,28,1
0,20,0,940,7,1
0,97,0,540,15,0
0,18,0,950,8,1
0,23,1,865,24,1
0,50,1,870,45,1
0,18,1,870,18,1
0,98,0,495,40,0
0,96,1,230,36,0
1,62,1,245,44,0
0,24,1,795,24,1
1,83,0,235,58,0
1,53,0,340,50,0
1,41,0,355,80,0
1,78,1,205,43,0
1,40,0,300,81,0
1,70,1,480,47,0
0,18,1,800,19,1
0,19,1,930,28,1
0,10,1,810,29,1
1,56,1,330,38,0
1,63,1,315,37,0
1,38,0,755,12,1
1,56,0,245,9,0
1,21,1,770,18,1
0,78,1,915,53,1
0,11,1,830,10,1
0,67,0,300,60,0
1,59,1,230,56,0
0,68,1,935,30,1
1,7,1,885,22,1
0,62,1,275,35,0
0,20,1,890,20,1
1,74,1,345,18,0
0,61,1,950,52,1
0,99,0,205,58,0
1,51,1,295,51,0
0,19,1,870,16,1
0,13,1,880,10,1
0,17,1,820,4,1
1,52,0,175,15,0
0,15,1,990,17,1
0,56,0,740,50,1
1,40,1,720,14,1
1,68,1,330,32,0
0,50,0,317,52,1
0,57,0,965,7,1
0,52,1,890,5,1
0,56,0,215,56,0
1,52,0,170,34,0
0,13,1,760,23,1
0,34,0,820,28,1
0,48,1,660,25,1
1,42,0,480,72,0
1,47,0,370,62,0
0,53,0,850,37,1
0,11,1,795,51,1
1,83,0,440,45,0
0,36,0,900,29,0
0,60,0,325,56,0
1,95,1,465,54,0
1,57,1,240,39,0
1,54,0,300,50,0
0,7,1,830,22,1
0,13,1,805,26,1
0,50,0,920,18,1
0,20,1,960,8,1
0,21,1,910,6,1
1,65,1,920,38,1
1,50,1,260,58,0
0,59,1,975,28,1
1,35,0,480,66,0
1,91,0,160,33,0
1,93,0,460,43,0
1,9,0,847,11,0
0,14,1,960,26,1
1,37,0,410,77,0
1,77,0,255,31,0
0,57,1,765,6,1
0,47,1,715,17,1
1,53,0,735,26,1
0,12,1,925,9,1
1,67,0,510,55,0
0,27,1,770,20,1
0,35,1,705,19,1
1,70,0,420,59,0
1,88,0,380,36,0
1,65,0,300,58,0
1,85,1,210,50,0
0,20,1,525,12,0
1,50,0,425,31,0
1,38,0,305,51,0
0,8,1,675,10,1
1,38,0,470,70,0
0,51,0,130,48,0
0,18,1,995,4,1
1,99,1,315,34,0
1,45,0,490,54,0
0,58,1,540,32,0
0,25,0,870,9,1
1,85,0,370,6,0
0,38,1,670,19,1
0,27,1,720,7,1
0,45,1,700,6,1
1,52,0,360,80,0
1,85,0,145,57,0
0,52,0,780,28,1
1,61,1,545,45,0
1,47,0,345,79,0
1,38,0,465,65,0
1,28,1,780,53,1
1,70,1,285,45,0
0,53,1,950,23,1
1,76,1,895,49,1
1,83,0,410,51,0
0,53,1,685,23,1
0,61,1,750,35,1
0,33,0,407,68,1
0,52,0,970,58,1
0,21,1,708,0,0
1,89,0,330,53,0
0,19,1,955,24,1
1,49,0,690,28,1
1,41,0,450,14,0
1,15,1,705,36,1
1,41,0,445,51,0
1,58,1,250,34,0
1,49,0,410,69,0
0,50,0,125,46,0
0,79,1,695,43,1
0,24,1,980,14,1
0,9,1,845,24,1
1,43,1,770,27,1
0,18,1,970,20,1
1,81,1,260,32,0
0,42,1,705,32,1
0,58,0,830,28,1
1,67,0,470,52,0
1,55,0,210,52,0
0,12,1,885,7,1
1,19,0,950,53,1
0,64,0,355,52,0
1,57,1,335,56,0
1,39,0,415,83,0
1,40,0,370,83,0
0,38,1,790,22,1
1,55,0,295,43,0
0,53,0,215,39,0
1,99,0,150,35,0
1,55,1,870,5,1
1,75,1,210,9,0
0,15,1,980,29,1
0,56,1,650,17,1
0,42,0,339,76,1
1,70,0,315,32,0
0,24,1,840,0,1
1,13,1,230,19,0
1,77,1,275,11,0
1,42,0,475,61,0
1,53,0,120,33,0
0,19,0,715,24,1
1,52,0,515,17,0
1,13,1,950,30,1
1,56,1,530,55,0
0,55,1,695,45,1
0,13,1,820,27,1
0,55,0,855,21,1
0,49,1,795,30,1
0,67,1,710,45,1
0,22,1,850,4,1
1,64,1,235,45,0
0,10,1,915,27,1
0,50,0,650,7,1
1,52,0,470,57,0
1,48,0,430,70,0
0,47,0,765,7,1
1,93,1,475,51,0
1,47,0,330,78,0
0,24,0,845,29,1
1,52,0,315,81,0
0,60,0,295,41,0
0,22,1,700,14,1
0,87,1,280,31,0
0,40,1,785,11,1
0,31,1,300,15,0
1,97,1,105,42,0
1,54,1,970,13,1
0,22,1,855,19,1
0,63,1,865,39,1
0,24,0,860,21,1
1,68,0,475,34,0
0,17,1,685,42,1
1,32,1,805,25,1
1,79,0,200,54,0
0,46,1,720,19,1
0,27,1,785,29,1
1,62,1,150,46,0
1,76,1,480,51,0
1,38,0,440,72,0
1,78,1,410,47,0
0,22,1,950,22,1
1,72,1,215,48,0
1,59,1,535,57,0
0,59,1,650,54,1
0,32,1,930,8,1
1,62,0,465,31,0
1,52,0,495,69,0
1,73,1,170,57,0
0,23,1,955,13,1
1,60,0,711,35,0
0,51,1,845,22,1
1,46,0,455,76,0
0,17,1,800,8,1
0,32,1,900,30,0
0,19,1,800,12,1
0,11,0,720,23,1
0,20,1,820,22,1
0,80,0,410,43,0
1,63,0,365,35,0
0,23,1,495,5,0
1,28,1,905,19,1
1,43,0,315,70,0
0,15,1,840,28,1
0,46,1,730,26,1
0,52,0,385,57,0
0,15,0,945,7,1
0,25,1,775,13,1
1,69,1,530,35,0
0,29,1,985,20,1
1,78,0,180,17,0
1,44,1,815,13,1
1,29,0,680,20,1
1,36,0,495,78,0
1,18,0,900,31,1
1,43,0,475,51,0
1,65,0,170,47,0
1,61,1,110,45,0
1,77,1,450,33,0
0,54,1,920,20,1
0,57,0,290,56,0
0,99,1,285,33,0
0,84,0,364,36,0
1,36,0,405,67,0
0,80,1,545,36,0
1,98,0,325,53,0
0,68,0,190,38,0
0,72,1,980,35,1
0,46,1,170,18,0
0,10,1,665,21,1
0,61,1,245,35,0
0,15,1,975,19,1
0,68,1,890,53,1
1,90,1,375,46,0
0,28,0,710,15,1
0,51,1,910,24,1
1,99,0,380,56,0
0,12,1,915,11,1
0,24,1,875,15,1
0,41,1,770,9,1
0,38,0,945,30,1
0,57,0,320,37,0
1,46,0,350,75,0
0,22,1,940,14,1
0,10,1,910,24,1
1,82,1,355,51,0
0,51,0,335,68,0
1,80,1,481,51,1
1,60,1,475,33,0
1,59,0,945,41,1
1,31,0,905,10,1
1,77,0,100,42,0
1,52,1,290,45,0
1,9,1,760,25,1
1,94,0,225,13,0
0,9,0,710,39,1
0,70,1,540,30,0
0,60,0,115,43,0
1,9,1,920,5,1
1,45,0,495,72,0
0,20,1,870,16,1
0,53,0,940,11,1
0,16,1,830,6,1
1,7,0,856,16,0
0,16,1,980,23,1
1,12,1,815,11,1
0,64,1,825,58,1
0,68,0,110,26,0
1,42,0,385,26,0
1,21,0,300,19,0
0,45,1,865,14,1
0,58,0,930,13,1
0,52,0,840,9,1
0,17,1,970,11,1
0,24,0,905,19,1
1,38,0,495,81,0
1,53,1,290,11,0
1,57,0,340,49,0
1,67,0,510,55,0
0,14,0,807,25,0
0,52,0,925,52,1
0,21,0,845,53,1
0,53,0,790,47,1
0,25,1,780,15,1
1,49,0,300,64,0
1,92,1,120,48,0
0,20,0,750,39,1
1,35,0,310,80,0
1,70,0,420,42,0
0,20,1,940,12,1
1,61,0,265,16,0
0,15,1,965,9,1
0,15,1,925,11,1
0,53,1,720,8,1
0,22,1,880,16,1
0,19,1,950,24,1
0,59,1,670,19,1
0,18,1,950,12,1
1,22,1,905,23,1
1,39,0,345,52,0
0,21,1,700,6,1
1,90,0,515,47,0
1,57,0,320,30,0
0,46,0,900,22,1
1,38,0,305,67,0
1,46,0,460,65,0
0,53,0,220,45,0
1,47,0,420,55,0
0,51,1,880,27,1
0,65,0,435,41,0
1,53,1,225,48,0
1,96,0,165,38,0
1,52,0,350,60,0
0,43,0,780,20,0
1,51,0,375,35,0
0,82,0,175,31,0
1,77,0,500,31,0
0,44,0,675,24,1
0,52,1,915,7,1
0,23,1,960,4,1
1,90,0,470,55,0
0,16,1,865,1,1
0,31,1,860,53,1
0,22,1,860,0,1
0,60,0,300,9,1
0,33,1,960,9,1
1,56,1,170,46,0
1,66,1,265,58,0
1,94,1,459,41,1
0,10,1,915,7,1
0,63,0,125,14,0
0,46,1,995,23,1
1,55,0,760,53,1
1,41,0,380,83,0
0,15,0,900,9,0
1,71,0,330,40,0
0,11,1,850,18,1
1,77,1,140,42,0
0,14,1,900,1,1
0,43,1,925,18,1
1,42,0,350,62,0
1,36,0,385,70,0
1,95,0,425,40,0
0,21,1,905,28,1
1,24,0,950,5,1
1,51,0,290,56,0
1,59,0,505,45,0
1,84,0,230,52,0
1,98,1,310,53,0
0,13,1,795,11,1
0,17,1,800,3,1
0,7,0,830,8,1
0,18,1,830,14,1
1,48,0,360,59,0
0,16,1,860,6,1
1,39,0,750,29,1
0,12,1,800,22,1
1,89,0,415,47,0
0,27,0,820,20,1
0,18,1,975,28,1
1,32,1,990,13,1
0,46,0,985,21,1
1,72,1,385,8,0
1,85,1,390,30,0
0,9,1,955,26,1
0,13,1,810,1,1
1,19,1,878,15,1
1,64,0,345,33,0
1,49,0,390,64,0
1,66,0,455,51,0
1,56,1,395,46,0
1,58,0,540,55,0
1,98,1,495,58,0
1,35,0,330,60,0
0,47,0,790,20,1
1,42,0,410,53,0
0,15,1,860,2,1
0,56,0,980,23,1
0,58,1,895,27,1
0,37,0,850,17,1
1,65,0,365,34,0
1,66,0,500,35,0
1,78,0,400,48,0
1,66,0,450,47,0
0,49,0,760,10,1
1,57,1,450,37,0
0,17,1,655,28,1
1,92,0,300,22,0
1,83,0,170,36,0
0,23,1,960,24,1
1,41,0,460,68,0
1,54,0,385,84,0
0,14,1,780,10,1
0,42,0,785,6,1
0,91,1,352,43,1
0,78,1,960,51,1
1,72,1,410,20,0
0,31,1,930,11,1
0,85,0,430,54,0
1,90,1,450,11,0
0,13,1,835,6,1
0,81,0,475,56,0
1,98,1,365,49,0
0,16,1,845,2,1
1,71,0,130,57,0
0,86,1,300,47,0
1,47,0,975,13,1
0,29,1,995,28,1
0,38,0,785,7,1
0,24,1,925,23,1
0,42,0,930,19,1
1,82,0,280,17,0
1,66,0,510,53,0
1,56,0,840,28,1
0,23,0,980,8,1
1,51,1,385,45,0
1,74,1,435,52,0
1,95,0,200,38,0
0,20,1,975,29,1
0,53,0,745,21,1
0,79,0,165,54,0
0,43,1,670,19,1
1,52,0,430,61,0
1,38,0,725,21,1
1,34,1,930,10,1
0,67,1,660,50,1
1,89,1,450,55,0
1,49,0,960,36,1
0,56,0,370,18,0
1,37,0,400,72,0
1,26,0,915,5,1
0,43,0,830,29,1
1,21,1,990,7,1
0,54,0,350,48,0
0,9,0,945,20,1
1,51,0,325,51,0
0,19,1,710,25,1
1,60,0,240,55,0
1,92,0,500,32,0
0,42,1,965,49,1
0,46,1,845,12,1
0,45,1,735,24,1
1,56,1,280,59,0
0,89,1,225,35,0
0,38,1,765,11,1
0,71,0,495,25,0
1,48,0,360,74,0
1,65,0,110,54,0
1,62,0,385,45,0
1,35,0,335,82,0
1,80,1,230,40,0
0,24,0,200,20,0
0,53,0,534,32,1
1,57,1,465,35,0
0,36,1,840,21,1
1,17,1,680,17,1
0,42,1,980,17,1
0,11,0,985,44,1
0,45,1,348,44,0
0,32,1,965,27,1
1,60,0,520,45,0
1,47,0,485,67,0
1,95,0,310,14,0
0,64,1,480,47,0
1,95,0,265,17,0
1,31,1,810,12,1
1,71,0,880,54,1
0,14,1,935,10,1
0,30,1,870,9,1
0,48,1,765,12,1
0,54,0,220,58,0
0,43,1,695,9,1
0,18,1,945,7,1
0,27,1,875,26,1
1,90,1,300,52,1
0,27,1,915,12,1
1,43,0,495,57,0
1,61,1,190,31,0
0,74,0,300,42,0
0,17,1,890,4,1
0,8,1,900,10,0
0,91,1,300,35,1
0,12,0,855,8,1
1,95,1,435,59,0
0,49,0,920,24,1
0,53,0,290,15,0
0,17,1,945,10,1
0,24,1,875,18,1
0,11,0,830,25,1
1,56,0,215,50,0
1,46,0,405,66,0
1,53,0,305,67,0
0,20,1,360,7,0
0,59,1,865,36,1
1,87,0,415,36,0
1,71,1,235,54,0
0,52,1,955,16,1
0,11,1,760,39,1
1,64,0,310,36,0
0,47,0,650,19,1
0,46,1,850,47,1
1,74,0,110,32,0
1,81,1,130,56,0
1,24,0,415,13,0
1,77,1,350,48,0
0,99,1,386,52,1
0,70,1,355,22,0
0,82,1,340,43,0
0,14,1,655,16,1
0,57,0,965,13,1
1,32,1,970,13,1
0,21,1,965,13,1
0,77,0,365,36,0
1,71,0,300,50,0
0,26,1,900,30,1
0,56,1,885,38,1
0,53,1,655,25,1
1,36,0,395,64,0
0,61,0,445,49,0
0,22,1,860,27,1
1,80,0,375,33,0
1,35,0,300,50,0
0,28,0,215,20,0
1,78,0,200,36,0
0,58,0,665,47,1
1,52,0,420,75,0
0,36,1,995,11,1
0,39,1,845,27,1
1,46,0,445,66,0
1,83,0,315,18,0
1,96,1,100,57,0
1,99,0,245,57,0
0,34,1,860,11,1
1,44,1,730,27,1
1,96,0,385,49,0
1,47,0,480,68,0
0,73,0,265,32,0
0,20,1,970,18,1
0,15,1,755,14,1
1,64,1,390,38,0
1,53,0,270,6,0
0,79,0,225,44,0
1,52,1,210,30,0
1,55,0,140,58,0
0,21,1,965,0,1
1,52,1,120,31,0
0,17,1,670,20,1
1,44,0,893,16,1
1,52,1,320,50,0
1,32,1,980,18,1
1,43,0,365,81,0
1,54,0,535,44,0
1,43,0,475,81,0
0,21,1,965,4,1
1,96,1,120,58,0
1,37,0,490,60,0
1,93,1,410,54,0
1,51,1,325,55,0
1,50,0,425,83,0
1,40,1,980,28,1
0,24,0,805,11,1
1,85,0,200,54,0
1,52,0,445,32,0
1,51,1,175,35,0
1,98,0,505,49,0
1,42,0,385,65,0
1,54,0,415,61,0
0,74,0,445,52,0
0,36,0,950,28,1
0,48,1,970,27,1
1,66,0,335,51,0
1,91,0,120,25,0
0,49,1,760,28,1
0,90,1,450,57,0
0,13,1,700,12,1
1,40,1,810,13,1
0,51,0,495,55,0
0,37,0,935,11,1
1,94,0,335,47,0
1,92,0,505,53,0
1,36,0,460,55,0
0,51,1,900,47,1
0,48,1,715,10,1
1,18,1,990,25,1
0,24,0,860,23,1
1,54,1,440,41,0
0,39,0,815,22,1
1,87,0,105,34,0
1,62,0,245,38,0
0,56,1,680,7,1
1,90,0,380,53,0
0,13,1,805,18,1
1,45,0,345,66,0
1,30,0,885,23,1
0,41,1,920,15,1
1,65,0,385,48,0
0,21,1,800,28,1
1,71,1,145,53,0
0,20,1,735,29,1
0,11,1,835,15,1
0,42,0,700,7,1
0,37,0,825,21,1
0,21,0,890,42,1
1,65,0,180,52,0
1,35,0,370,67,0
0,12,1,930,28,1
1,11,0,435,8,0
0,20,1,885,3,1
1,79,0,140,31,0
0,11,1,945,34,1
1,37,0,390,65,0
0,11,1,910,25,1
1,51,0,410,78,0
0,24,0,805,19,1
1,43,0,325,70,0
1,44,1,340,62,0
1,91,0,230,46,0
1,54,0,180,12,0
0,20,1,860,2,1
0,27,0,865,21,1
1,49,0,910,26,1
1,77,0,320,39,0
0,60,1,830,55,1
1,93,0,225,46,0
1,88,0,285,55,0
1,44,0,305,55,0
0,29,0,850,25,1
0,21,1,650,26,1
0,45,1,865,5,1
0,36,0,900,33,1
0,15,1,980,26,1
0,19,1,850,9,1
1,52,0,310,81,0
0,32,0,845,29,1
0,12,1,815,4,1
1,32,1,425,23,0
1,17,0,760,29,1
1,71,0,155,31,0
1,88,1,220,34,0
0,99,0,290,37,0
1,89,1,440,46,0
1,64,1,440,19,0
1,38,0,340,80,0
1,93,0,520,0,1
0,16,0,970,11,1
1,68,0,300,34,0
0,57,0,480,32,0
0,15,1,995,15,1
0,23,1,965,22,1
0,57,1,780,18,1
0,14,0,710,7,1
0,68,0,270,48,0
1,94,1,145,44,0
1,85,1,160,49,0
0,54,1,170,44,0
0,44,0,930,17,1
0,14,1,965,26,1
0,12,1,830,3,1
0,11,1,995,26,1
0,10,1,885,15,1
0,15,1,925,15,1
0,25,0,810,5,1
1,36,0,480,61,0
1,20,1,690,7,1
0,8,1,665,29,1
1,61,1,930,33,1
0,8,0,890,21,1
0,63,1,655,49,1
0,15,1,880,20,1
1,64,1,270,53,0
0,8,1,760,16,1
1,69,0,455,32,0
0,28,0,910,23,1
1,73,1,785,53,1
0,77,1,309,54,1
0,54,0,515,38,0
1,58,1,485,38,0
0,50,1,735,15,1
1,88,0,100,40,0
0,22,1,875,28,1
1,46,0,400,58,0
1,8,0,735,11,1
1,52,1,250,44,0
0,27,0,690,32,1
1,85,0,270,59,0
0,24,1,810,26,1
1,54,0,480,60,0
1,73,0,150,58,0
0,13,1,960,13,1
0,50,0,960,11,1
1,55,1,935,54,1
1,57,0,845,7,1
0,18,1,300,15,0
0,39,0,740,18,1
0,24,0,515,13,0
1,59,1,370,55,0
0,26,1,985,20,1
1,53,0,320,68,0
0,30,0,900,27,1
0,21,1,835,4,1
1,48,0,480,76,0
1,97,0,535,33,0
1,79,1,220,42,0
1,63,0,205,47,0
1,53,1,860,20,1
0,96,0,145,21,0
1,93,0,355,16,0
0,51,1,720,43,1
0,8,1,935,9,1
1,19,1,818,12,1
0,54,0,535,56,0
0,35,1,825,19,1
0,44,0,950,21,1
1,69,0,965,46,1
1,97,1,500,51,0
1,44,0,370,56,0
1,96,0,275,56,0
0,54,1,462,66,1
1,60,0,325,53,0
1,91,1,525,52,0
0,33,1,660,15,1
1,34,0,690,7,1
1,56,1,210,45,0
0,23,1,870,8,1
0,56,1,650,53,1
0,25,1,830,9,1
0,42,1,840,44,1
0,26,0,735,19,1
1,42,0,485,75,0
0,11,1,965,5,1
0,74,0,235,32,0
1,92,0,265,33,0
1,90,0,360,38,0
0,24,1,940,13,1
1,46,0,385,56,0
1,50,0,360,33,0
0,14,1,810,5,1
0,17,1,805,18,1
1,61,0,220,38,0
0,23,1,800,27,1
0,11,1,980,22,1
1,43,0,280,23,0
0,24,0,995,22,1
1,41,0,315,80,0
0,53,0,825,5,1
1,16,0,255,19,0
1,77,0,145,49,0
0,46,0,745,15,1
0,19,0,980,27,1
0,44,1,975,16,1
1,59,0,520,29,0
1,98,0,290,42,0
1,56,0,925,59,1
0,42,1,745,18,1
1,99,1,365,31,0
0,29,1,900,18,1
1,81,1,330,40,0
0,21,1,985,24,1
1,14,1,775,6,1
1,95,0,295,56,0
1,53,0,235,44,0
1,35,1,170,23,0
0,15,1,940,16,1
0,43,0,764,21,0
0,19,1,955,27,1
1,46,0,470,60,0
0,54,0,170,12,0
0,41,0,980,29,1
0,13,1,865,29,1
1,47,0,460,64,0
1,35,0,360,67,0
0,17,1,930,1,1
1,74,1,145,9,0
1,51,0,285,27,0
0,87,0,270,35,0
1,84,1,330,8,0
1,53,0,325,59,0
0,20,0,820,14,1
1,77,1,355,53,0
1,49,0,480,50,0
0,97,0,375,39,0
1,38,0,350,56,0
0,18,1,865,55,1
1,74,1,105,50,0
0,11,1,865,29,1
0,66,1,100,21,0
0,22,1,870,6,1
1,80,1,235,38,0
1,78,1,300,33,0
1,81,1,185,55,0
0,18,0,770,26,1
1,62,0,900,7,0
1,57,1,415,39,0
1,66,1,175,47,0
1,54,1,110,57,0
0,11,1,915,27,1
1,7,1,525,21,0
1,56,1,880,5,1
0,13,1,725,25,1
1,36,0,330,71,0
0,25,1,835,26,1
0,87,1,430,53,0
0,33,0,795,55,1
1,32,0,745,8,1
1,51,0,785,36,1
0,38,0,900,20,1
0,11,1,955,24,1
1,67,0,215,8,0
1,20,0,295,19,0
1,31,1,885,23,1
0,29,0,820,18,1
1,42,0,365,51,0
0,18,0,885,6,1
0,74,0,665,49,1
1,44,0,485,66,0
0,88,0,490,43,0
1,51,1,270,54,0
0,56,1,685,11,1
0,62,1,700,52,1
1,82,0,425,45,0
1,21,1,875,18,1
0,48,0,135,11,0
0,95,1,195,54,0
1,99,1,155,30,0
0,23,1,875,5,1
1,66,0,545,56,0
0,54,0,730,26,1
0,57,0,675,26,1
0,16,1,805,2,1
0,28,1,735,21,1
0,9,1,845,27,1
0,14,1,785,14,1
0,44,1,675,28,1
1,57,0,285,58,0
0,16,1,885,27,1
0,24,1,800,15,1
0,57,1,895,13,1
1,94,0,315,45,0
0,77,0,180,30,0
1,57,1,890,6,1
0,57,1,790,29,1
1,81,0,285,33,0
0,18,1,935,7,1
0,86,1,475,59,0
0,18,1,800,21,1
1,52,0,480,76,0
1,28,1,980,8,1
0,24,1,925,43,1
0,46,0,775,19,1
0,50,1,765,8,1
1,34,0,482,66,0
1,76,0,325,54,0
0,34,0,770,16,1
1,7,0,940,13,1
0,20,1,865,5,1
0,8,1,955,28,1
0,13,1,880,22,1
0,17,1,875,22,1
1,39,0,350,55,0
0,40,0,905,21,1
1,21,0,720,25,1
1,51,0,250,39,0
1,95,0,135,35,0
1,72,1,310,57,0
1,55,0,370,47,0
1,46,0,325,83,0
1,66,1,440,43,0
1,67,1,515,53,0
1,62,1,335,58,0
0,32,1,675,27,1
1,92,0,300,45,1
0,21,1,880,18,1
1,34,1,695,24,1
1,15,0,240,11,0
1,47,0,425,66,0
1,52,0,135,39,0
1,53,0,515,37,0
1,8,1,790,21,1
1,70,0,455,37,0
1,75,1,475,45,0
1,44,0,365,63,0
0,18,1,965,27,1
0,56,0,930,57,1
0,9,1,890,8,1
0,16,1,840,6,1
0,13,1,950,21,1
0,44,1,895,22,1
1,74,0,100,56,0
0,19,1,960,22,1
0,23,0,785,18,1
1,7,0,900,6,0
1,29,1,690,8,1
1,37,0,454,42,0
1,52,1,355,31,0
0,50,0,690,50,1
1,90,1,265,34,0
0,36,1,880,19,1
0,30,0,710,43,1
0,22,0,815,14,1
1,66,0,315,49,0
1,92,0,405,37,0
1,21,0,360,16,0
0,47,0,710,21,1
0,48,1,990,8,1
0,34,1,930,13,1
0,54,1,785,44,1
0,59,1,780,13,1
0,10,1,870,22,1
0,11,1,900,15,0
1,42,0,405,61,0
0,16,1,975,6,1
1,64,1,270,32,0
0,38,0,910,11,1
1,27,1,955,18,1
0,15,1,885,28,1
1,72,1,155,36,0
1,51,0,845,16,1
1,53,0,395,83,0
1,53,0,420,56,0
1,41,0,365,67,0
0,47,1,945,9,1
0,22,1,655,27,1
0,94,0,280,51,0
1,93,1,260,32,0
1,59,1,800,12,1
0,17,1,855,30,1
0,8,1,765,22,1
1,45,0,345,55,0
1,9,1,820,9,1
1,25,1,670,7,1
0,51,0,670,14,1
1,81,1,370,49,0
0,44,0,860,32,1
0,40,0,300,55,1
0,12,1,885,17,1
1,69,1,380,39,0
1,41,0,490,57,0
1,77,1,500,44,0
0,27,1,900,2,0
0,27,1,710,11,1
0,43,1,980,8,1
1,61,1,200,57,0
0,35,1,970,27,1
0,19,1,915,15,1
0,58,1,830,10,1
0,65,0,495,31,0
1,96,1,360,59,0
1,69,1,780,58,1
0,54,0,675,58,1
0,14,1,990,18,1
0,24,1,995,4,1
0,51,1,130,10,0
0,24,1,920,17,1
1,50,0,450,42,0
0,45,1,681,8,1
1,98,1,395,44,0
1,36,0,535,5,0
1,45,0,360,77,0
0,15,1,900,2,1
1,53,0,240,45,0
1,78,0,420,23,0
0,35,1,735,8,1
1,94,1,230,7,0
0,24,1,805,29,1
0,47,1,840,20,1
1,17,1,510,21,0
0,39,0,875,31,1
1,37,0,385,50,0
1,69,0,160,18,0
1,82,0,335,55,0
0,10,1,940,20,1
0,57,0,790,16,1
1,84,1,325,54,0
1,22,0,950,30,1
0,43,0,950,17,1
0,26,1,975,27,1
0,66,0,470,37,0
0,20,1,805,21,1
1,59,0,440,11,0
0,97,1,491,41,1
0,25,0,945,13,1
0,53,0,720,19,1
0,24,1,950,24,1
1,83,0,255,36,0
1,40,1,360,13,0
1,51,0,525,11,0
0,12,1,655,15,1
0,22,0,655,8,1
1,68,1,170,56,0
1,58,0,535,52,0
1,35,0,345,65,0
1,71,0,340,36,0
1,56,1,275,58,0
0,79,1,155,37,0
1,50,0,305,47,0
1,52,0,465,63,0
1,59,1,335,18,0
0,20,1,935,8,1
1,93,0,500,49,0
0,10,1,950,2,1
1,56,1,450,39,0
1,37,0,360,71,0
0,19,0,660,29,1
0,76,0,725,59,1
0,60,0,315,54,0
1,90,1,495,30,0
1,96,0,455,41,0
0,45,0,885,26,1
0,11,1,935,21,1
1,55,0,175,59,0
0,46,0,685,20,1
1,58,0,235,53,0
1,61,0,545,52,0
0,20,1,965,29,1
1,31,1,365,6,0
0,36,1,705,27,1
1,20,0,785,20,1
1,95,1,290,41,0
1,49,0,390,69,0
1,83,1,485,37,0
1,53,1,185,48,0
1,31,1,940,10,1
0,86,1,220,52,0
0,33,0,765,10,1
1,82,0,445,59,0
0,17,0,875,14,1
0,49,1,765,12,1
0,12,1,965,15,1
1,22,1,985,10,1
0,89,1,100,44,0
0,12,1,825,17,1
0,40,1,715,49,1
0,47,1,525,19,0
1,58,1,670,11,1
1,29,0,140,18,0
1,38,0,455,67,0
0,14,0,675,17,0
0,22,1,830,23,1
0,18,1,805,14,1
0,14,1,830,10,1
0,70,0,300,41,0
0,22,1,810,16,1
0,34,1,805,13,1
0,39,1,755,17,1
0,29,0,715,23,1
0,45,0,100,9,0
0,15,0,665,24,1
1,44,1,930,8,1
0,73,1,830,43,1
0,26,0,990,7,1
1,44,0,430,80,0
0,23,0,960,16,1
1,46,1,447,37,0
0,15,1,925,1,1
1,40,0,495,56,0
1,35,0,860,8,1
0,21,1,940,2,1
0,93,0,450,34,0
0,80,0,520,26,0
1,21,0,955,20,1
1,39,0,350,78,0
1,99,1,490,50,0
1,67,0,285,56,0
0,18,1,905,22,1
1,97,0,305,34,0
0,9,0,990,7,1
0,23,1,745,23,1
1,57,0,150,53,0
1,69,1,225,46,0
1,84,0,125,9,0
1,46,0,440,67,0
1,29,1,950,9,1
1,78,1,410,30,0
0,22,1,970,24,1
1,43,1,830,16,1
0,39,1,965,7,1
0,40,1,860,27,1
0,27,1,990,8,1
0,35,1,885,7,1
1,59,1,505,44,0
0,41,1,740,17,1
0,49,1,925,25,1
0,21,1,885,16,1
0,34,1,955,14,1
0,84,1,335,33,0
0,53,1,720,5,1
0,37,0,895,22,1
0,85,0,445,36,0
1,68,0,275,59,0
0,21,1,945,17,1
1,41,0,390,62,0
0,42,1,880,39,1
1,75,0,335,57,0
1,54,0,330,54,0
0,54,1,660,5,1
0,88,0,290,58,0
0,18,1,980,8,1
0,24,1,895,25,1
0,38,1,830,20,1
1,59,1,360,34,0
0,13,1,990,14,1
1,55,1,730,54,1
0,35,0,790,54,1
1,26,0,170,28,0
0,25,0,885,9,1
1,80,0,450,45,0
1,56,0,450,49,0
1,65,1,710,38,1
0,17,1,835,19,1
1,97,0,375,57,0
1,65,0,120,32,0
0,30,0,700,20,1
1,54,1,820,45,1
0,15,1,935,21,1
1,9,1,745,18,1
1,43,0,950,17,1
1,35,1,861,56,0
0,36,1,935,28,1
0,24,1,815,1,1
1,23,1,105,28,0
1,98,1,300,41,1
0,50,1,880,15,1
1,92,0,310,7,0
1,90,1,485,41,0
0,23,0,535,14,0
0,23,1,950,21,1
1,64,0,225,37,0
0,35,0,740,8,1
0,85,0,480,43,0
1,62,1,300,43,0
0,51,0,980,14,1
0,55,0,770,12,1
0,78,1,755,41,1
1,21,1,700,12,1
0,52,0,960,37,1
0,21,1,990,21,1
1,97,0,350,38,0
1,42,0,370,63,0
1,37,0,330,82,0
0,48,0,750,16,1
0,17,1,855,9,1
0,39,1,820,26,1
0,12,1,845,13,1
1,45,0,410,67,0
1,38,0,315,52,0
1,53,0,375,67,0
1,28,0,485,6,0
0,79,1,860,38,1
1,71,1,505,56,0
1,71,0,495,44,0
0,27,0,965,13,1
1,85,1,295,48,0
0,56,1,710,28,1
1,79,0,495,13,0
1,37,0,360,57,0
0,45,1,650,10,1
0,58,1,985,29,1
0,54,1,975,12,1
0,99,0,150,49,0
0,58,1,905,19,1
1,37,0,425,71,0
1,48,0,305,65,0
1,17,0,830,17,1
0,15,1,660,29,1
0,51,0,265,36,0
1,84,1,460,59,0
1,44,0,395,80,0
0,14,0,800,7,1
1,83,0,105,57,0
1,51,0,500,31,0
1,35,0,750,43,1
1,50,1,155,12,0
0,52,1,760,29,1
1,36,0,325,55,0
1,75,0,415,47,0
0,46,0,656,11,0
1,11,1,750,24,1
0,21,1,750,16,1
0,75,0,230,50,0
0,18,0,900,7,1
0,23,1,815,23,1
1,33,0,900,8,1
1,54,1,130,56,0
1,78,1,145,35,0
0,21,1,845,2,1
1,57,0,750,22,1
0,21,1,835,14,1
0,12,1,650,28,1
1,39,0,325,51,0
1,18,0,110,8,0
1,45,0,930,22,1
0,53,1,675,10,1
0,45,0,760,20,1
0,48,1,925,50,1
0,23,1,845,25,1
0,22,1,915,4,1
0,46,1,830,5,1
1,30,1,200,12,0
1,98,1,285,35,0
0,37,0,830,32,1
1,51,0,400,75,0
1,19,1,775,23,1
0,76,1,495,45,0
1,90,1,340,59,0
1,83,1,320,59,0
0,17,1,970,17,1
0,23,1,975,1,1
1,84,1,465,23,0
1,50,1,435,57,0
1,64,0,345,47,0
0,9,0,685,18,1
1,51,0,335,53,0
1,78,0,150,58,0
0,94,0,417,40,0
0,76,1,320,52,0
1,7,1,835,25,1
1,59,0,190,44,0
0,17,1,800,10,1
1,40,0,490,54,0
1,60,1,100,34,0
1,51,0,450,54,0
1,56,1,414,60,1
0,24,1,820,20,1
1,48,0,355,73,0
0,26,0,975,22,1
1,44,0,415,70,0
0,44,0,760,28,1
0,33,1,775,8,1
0,14,1,860,18,1
0,12,1,860,29,1
0,52,0,920,12,1
0,60,1,230,51,0
1,54,1,420,44,0
1,41,0,465,62,0
0,15,0,823,12,0
0,51,1,705,10,1
0,75,1,530,45,0
0,37,0,835,17,1
0,11,1,980,17,1
0,52,0,315,10,0
0,48,1,935,9,1
1,94,1,300,45,0
1,12,1,400,16,0
1,62,0,390,49,0
1,53,0,975,16,1
0,56,1,810,34,1
1,72,0,260,38,0
0,52,1,850,6,1
0,40,1,655,21,1
0,54,0,525,33,0
0,56,0,755,19,1
1,40,0,430,61,0
0,12,1,800,2,1
1,42,0,490,12,0
1,50,0,165,33,0
1,80,0,110,41,0
1,61,1,435,44,0
1,50,0,350,50,0
0,56,1,980,9,1
0,48,1,819,6,0
0,87,1,520,50,0
1,97,0,440,55,0
1,45,0,310,82,0
0,30,1,695,9,1
0,53,1,100,23,0
1,23,1,980,10,1
1,52,1,465,34,0
1,92,1,365,59,0
1,84,0,540,19,0
0,31,0,780,31,1
1,59,0,370,25,0
0,92,0,515,51,0
0,22,1,855,27,1
1,44,0,335,71,0
0,24,0,835,11,1
0,21,1,815,23,1
1,55,1,735,5,1
0,23,1,805,10,1
1,66,0,200,8,0
0,11,1,975,20,1
1,36,1,370,15,0
1,38,1,935,17,1
1,46,0,480,63,0
1,89,0,350,45,0
1,51,1,260,37,0
0,24,1,830,17,1
1,37,0,385,70,0
0,76,1,905,37,1
0,10,1,955,25,1
0,47,0,125,26,0
0,18,1,940,15,1
0,12,1,900,19,1
0,95,1,435,37,0
1,73,0,300,33,0
1,51,1,150,6,0
1,78,1,140,44,0
1,95,1,175,38,0
1,24,0,470,15,0
1,74,0,450,35,0
1,62,1,829,25,0
0,18,1,940,15,1
0,9,0,800,56,1
0,9,1,740,28,1
1,96,0,370,48,0
0,92,1,450,8,0
1,16,1,370,11,0
0,7,1,855,15,1
0,47,0,650,34,1
0,18,1,925,4,1
1,25,1,650,6,1
1,66,0,250,33,0
0,44,1,760,7,1
1,84,0,440,58,0
1,64,1,100,53,0
0,95,1,500,54,0
1,75,0,270,49,0
0,15,1,685,10,1
0,19,1,665,26,1
1,32,0,370,8,0
0,12,0,673,29,0
0,44,1,855,5,1
1,77,0,380,49,0
1,48,0,475,61,0
0,12,0,885,23,1
1,80,0,360,57,0
1,60,0,160,7,0
1,43,0,300,60,0
1,87,0,365,30,0
1,54,0,445,34,0
1,39,1,464,67,1
1,38,0,400,73,0
1,54,0,310,45,0
0,79,0,345,51,0
1,78,0,395,46,0
0,76,0,660,34,1
0,72,0,995,34,1
0,34,0,300,18,0
0,53,1,685,34,1
1,10,1,795,25,1
1,38,0,490,82,0
0,30,1,875,13,1
0,65,1,830,46,1
0,9,1,805,12,1
1,43,0,485,57,0
1,53,0,430,67,0
1,60,1,385,42,0
1,21,1,910,19,1
0,7,0,930,17,1
1,82,0,325,51,0
1,99,0,390,35,0
1,70,0,285,38,0
1,62,1,260,56,0
1,52,0,372,37,0
1,21,1,735,29,1
1,11,0,860,10,1
1,50,0,285,46,0
1,38,0,310,69,0
0,18,1,850,16,1
0,56,1,785,6,1
0,40,1,735,19,1
0,44,1,690,23,1
0,52,0,520,5,0
1,77,0,490,47,0
1,36,0,900,60,1
0,7,1,990,8,1
1,34,1,875,21,1
1,94,0,455,44,0
0,51,1,751,24,1
0,56,0,925,10,1
0,9,1,775,16,1
0,44,0,745,7,1
0,71,1,710,40,1
0,13,1,850,11,1
1,76,0,245,31,0
0,74,0,775,53,1
1,68,0,405,35,0
0,19,1,810,6,1
0,53,0,935,47,1
1,36,1,500,15,0
1,32,1,690,58,1
0,12,1,915,6,1
1,39,1,970,27,1
0,46,1,740,28,1
0,13,1,910,11,1
1,7,1,720,38,1
1,7,0,900,12,0
1,93,1,100,35,0
1,89,1,245,57,0
1,40,0,770,18,1
0,10,1,950,8,1
0,56,1,835,10,1
0,57,0,250,36,0
0,98,0,405,9,0
0,25,0,715,7,1
0,25,0,990,27,1
1,41,0,405,76,0
0,24,1,950,17,1
1,43,0,375,74,0
1,52,1,150,7,0
0,20,1,725,13,1
1,47,0,360,75,0
0,24,1,820,28,1
1,69,0,305,56,0
0,35,1,970,23,1
1,44,0,420,81,0
0,13,1,810,23,1
1,60,1,491,70,0
1,81,0,335,44,0
0,27,1,890,29,1
0,54,0,705,49,1
1,82,0,440,50,0
0,47,1,720,24,1
1,54,0,410,72,0
0,18,1,850,26,1
1,26,0,900,20,1
0,16,0,900,11,1
1,52,1,355,39,0
1,53,0,355,42,0
1,78,0,445,35,0
1,60,0,820,59,1
0,17,1,865,29,1
0,57,0,715,23,1
1,49,0,480,56,0
0,20,1,975,12,1
1,52,0,345,49,0
1,46,0,315,80,0
1,44,0,400,70,0
0,15,1,990,27,1
0,23,1,895,25,1
1,81,1,305,42,0
0,15,1,850,12,1
1,40,0,835,26,1
1,87,0,330,51,0
1,49,0,330,50,0
0,47,1,940,14,1
0,14,1,855,18,1
1,43,0,485,5,0
0,17,1,875,29,1
0,38,1,790,44,1
0,19,1,755,6,1
1,72,1,160,42,0
0,49,1,820,19,1
0,88,1,445,23,0
0,20,0,845,21,1
0,24,1,830,1,1
0,36,1,655,28,1
1,95,1,235,47,0
0,41,0,660,58,1
1,67,0,540,59,0
1,85,0,340,11,0
1,24,0,794,22,1
0,49,1,725,18,1
0,7,1,845,17,1
1,42,0,355,73,0
0,21,1,800,14,1
1,23,1,900,18,0
0,12,1,925,25,1
1,45,0,460,68,0
0,13,1,850,28,1
0,18,1,950,26,1
1,74,1,210,47,0
1,64,1,470,9,0
1,55,1,320,13,0
0,18,0,980,26,1
0,27,1,800,24,1
0,95,0,425,32,0
0,34,1,660,26,1
0,17,1,995,20,1
0,19,1,985,11,1
0,58,0,690,58,1
1,56,1,385,44,0
0,12,1,845,27,1
1,94,0,120,48,0
1,20,0,761,0,0
0,15,1,855,9,1
0,48,0,845,24,1
0,21,1,990,20,1
1,76,1,355,45,0
0,37,0,770,21,1
1,69,0,395,45,0
1,42,0,955,8,1
0,24,1,820,19,1
1,67,0,400,45,0
0,19,0,805,17,1
0,24,0,765,56,1
1,74,0,370,30,0
0,79,1,525,32,0
0,19,0,790,18,1
1,52,0,385,83,0
0,25,0,960,27,1
0,93,0,130,31,0
1,41,0,430,60,0
1,34,0,120,9,0
0,19,1,655,10,1
0,18,1,800,0,1
1,93,0,130,47,0
1,77,0,345,46,0
1,44,0,485,57,0
0,18,1,750,12,1
1,69,1,320,32,0
0,38,1,990,22,1
1,50,0,280,35,0
0,11,0,430,29,0
1,54,1,290,30,0
1,50,0,175,47,0
0,15,1,980,15,1
1,19,1,950,21,1
1,64,1,145,38,0
0,63,0,300,51,0
1,62,1,140,56,0
1,60,1,125,59,0
0,16,1,855,16,1
1,37,0,315,55,0
1,41,0,370,51,0
1,91,1,410,56,0
1,50,1,185,59,0
1,74,0,220,48,0
0,61,1,880,41,1
0,98,1,395,52,0
1,80,1,530,42,0
0,16,1,835,28,1
1,74,0,285,36,0
0,7,1,930,17,1
1,51,0,270,43,0
0,80,1,260,48,0
0,31,0,275,23,0
1,49,0,450,83,0
0,58,1,980,6,1
0,74,1,345,56,0
1,8,0,235,12,0
1,54,1,155,49,0
0,56,0,920,45,1
1,56,1,170,52,0
0,88,1,520,43,0
1,77,0,165,17,0
0,61,1,325,12,0
0,66,1,485,27,0
1,98,1,220,31,0
1,10,1,910,11,1
0,25,1,960,8,1
1,91,1,205,39,0
1,40,1,365,25,0
0,29,0,695,5,1
1,74,1,445,40,0
0,45,0,910,53,1
0,23,1,915,22,1
0,53,0,776,16,1
1,56,0,515,58,0
0,55,1,675,17,1
1,41,0,350,65,0
1,66,0,450,39,0
0,13,0,815,15,1
1,44,0,470,84,0
1,28,1,900,3,1
0,10,1,940,17,1
1,89,1,150,49,0
1,73,1,100,44,0
0,26,1,815,21,1
1,89,0,260,47,0
0,64,1,150,33,0
0,92,1,355,32,0
0,13,0,895,13,1
0,48,1,805,11,1
1,37,0,485,80,0
0,23,1,935,5,1
1,16,0,682,22,0
0,37,0,870,15,1
0,19,0,885,13,1
0,58,1,135,34,0
0,53,1,785,18,1
1,42,0,430,68,0
1,88,1,520,48,0
0,32,1,695,26,1
0,14,1,970,20,1
0,12,1,770,13,1
1,44,0,480,72,0
1,84,0,360,41,0
0,97,0,290,59,0
1,76,0,370,47,0
0,13,1,840,12,1
0,7,1,965,24,1
1,98,0,285,57,0
1,91,1,200,43,0
1,54,1,230,56,0
1,72,0,170,42,0
0,57,1,680,7,1
1,81,0,445,38,0
1,36,0,420,82,0
1,87,0,325,46,0
0,11,0,750,16,1
0,16,1,660,22,1
0,13,1,975,16,1
0,7,1,970,19,1
0,18,1,965,19,1
0,24,1,855,23,1
1,85,1,145,21,0
0,10,0,860,23,1
1,49,0,415,52,0
1,46,0,340,61,0
1,73,0,395,54,0
1,63,0,425,38,0
1,51,1,215,20,0
1,96,0,230,46,0
0,15,0,915,29,1
1,94,0,275,42,0
0,9,0,675,29,1
0,24,1,960,9,1
0,47,0,955,14,1
0,56,0,487,49,0
0,42,1,765,10,1
1,57,0,445,51,0
0,54,0,730,59,1
0,21,1,860,20,1
1,86,1,525,50,0
1,41,0,325,53,0
1,53,0,315,58,0
1,60,0,180,57,0
0,52,0,255,53,0
0,39,1,665,16,1
0,38,0,780,6,1
0,32,1,895,9,1
1,83,0,540,55,0
0,12,1,850,14,1
1,41,0,395,64,0
0,7,1,900,18,0
0,19,1,850,17,1
1,13,0,820,20,1
0,12,1,755,26,1
0,7,1,930,28,1
0,11,1,955,10,1
0,24,0,795,15,1
0,59,1,135,46,0
0,10,1,845,22,1
0,7,1,900,24,0
0,92,1,312,52,0
0,14,1,805,13,1
1,52,0,370,36,0
1,91,1,260,55,0
0,84,0,450,43,0
0,23,1,805,1,1
0,23,0,730,26,1
1,51,0,185,33,0
0,15,1,655,23,1
1,86,0,255,45,0
1,29,1,995,23,1
1,35,0,470,65,0
0,14,0,835,17,0
1,84,0,540,53,0
0,73,0,220,9,0
1,99,1,385,35,0
1,29,1,780,29,1
0,13,1,845,23,1
0,44,0,785,12,1
0,9,1,650,10,1
1,28,1,490,20,0
0,34,0,765,18,1
0,22,0,800,15,1
1,23,0,830,46,1
1,42,0,315,74,0
0,20,1,830,12,1
0,78,1,390,38,0
0,57,0,865,23,1
0,52,0,880,12,1
0,15,1,845,17,1
1,92,0,310,43,0
1,51,0,465,65,0
0,17,1,875,24,1
1,73,0,105,46,0
0,19,1,875,7,1
0,40,1,775,27,1
1,78,0,425,35,0
1,49,0,375,81,0
1,87,0,300,50,0
1,35,0,760,9,1
0,22,1,810,6,1
0,20,0,810,20,1
0,65,1,885,52,1
1,78,0,265,41,0
1,8,0,720,11,1
0,33,1,860,7,1
0,52,1,705,28,1
1,41,0,305,52,0
0,59,1,690,9,1
1,58,0,515,39,0
0,31,1,950,28,1
0,51,0,505,46,0
1,93,1,185,54,0
1,18,0,449,13,1
1,67,0,100,54,0
1,92,1,340,28,0
1,36,0,300,56,0
0,23,1,925,6,1
1,99,1,360,57,0
1,41,0,300,54,0
0,48,0,685,28,1
0,15,1,905,28,1
0,19,1,905,29,1
0,42,1,775,24,1
0,47,1,815,29,1
0,12,1,935,26,1
1,68,0,140,56,0
1,42,0,470,61,0
0,19,1,880,13,1
0,29,0,900,8,1
1,39,0,380,68,0
1,95,0,230,31,0
1,43,0,745,6,1
0,82,0,712,48,1
0,8,1,755,45,1
0,62,0,815,54,1
0,58,1,485,57,0
1,54,0,365,63,0
1,55,0,465,37,0
0,28,1,835,11,1
0,47,1,290,18,0
0,17,1,845,10,1
1,80,0,320,20,0
1,21,1,400,8,0
1,70,0,270,44,0
1,48,0,495,54,0
1,46,0,325,74,0
1,11,1,885,17,1
0,35,0,745,8,1
0,22,1,855,9,1
1,77,0,430,49,0
0,63,0,330,33,0
0,11,1,910,4,1
1,52,0,370,81,0
1,24,1,800,21,1
1,8,1,420,8,0
0,58,0,785,25,1
1,35,0,420,71,0
0,13,1,940,28,1
1,50,0,215,17,0
1,92,1,200,31,0
1,43,0,685,10,1
0,96,0,475,56,0
1,13,1,660,21,1
0,30,0,890,25,1
1,47,0,390,52,0
0,11,0,900,7,1
0,25,0,670,11,1
1,86,0,340,14,0
0,29,1,935,24,1
0,22,1,820,25,1
1,70,0,130,56,0
1,52,0,310,68,0
0,90,0,215,41,0
0,15,1,870,5,1
1,69,0,515,18,0
1,9,1,790,8,1
1,61,0,260,34,0
0,51,1,755,22,1
1,98,0,420,42,0
0,17,1,805,1,1
0,27,0,980,22,1
0,16,1,915,25,1
0,11,1,970,56,1
1,53,0,320,71,0
0,29,1,304,81,1
0,45,1,730,29,1
0,15,1,900,25,1
0,62,1,865,49,1
1,72,1,415,30,0
1,49,0,445,71,0
0,7,1,900,28,0
0,44,1,955,40,1
1,37,0,435,59,0
0,52,0,190,30,0
1,42,0,465,77,0
1,50,0,475,51,0
0,23,1,860,28,1
0,40,1,900,41,0
1,43,0,450,63,0
0,35,0,710,11,1
0,54,1,970,42,1
0,19,1,885,10,1
0,31,0,750,10,1
0,53,0,725,27,1
0,38,0,675,9,1
0,15,0,765,10,1
1,74,1,185,31,0
1,64,0,430,40,0
1,82,0,175,37,0
1,69,0,235,32,0
0,53,1,745,24,1
0,79,0,735,32,1
1,61,0,125,50,0
0,52,0,290,58,0
0,16,1,870,5,1
1,63,1,190,38,0
1,55,0,385,13,0
1,50,0,415,81,0
0,35,0,780,26,1
1,56,0,140,47,0
1,37,1,790,10,1
0,38,1,815,6,1
0,47,1,990,19,1
1,44,0,470,54,0
1,67,1,350,57,0
0,19,1,925,13,1
1,49,0,450,81,0
0,69,1,790,31,1
1,47,0,430,67,0
0,89,0,510,47,0
0,22,1,805,23,1
0,83,0,305,42,0
0,54,0,265,37,0
0,12,1,740,5,1
1,46,0,445,52,0
0,65,0,470,57,0
0,16,0,900,22,1
1,57,0,430,40,0
1,52,0,205,51,0
1,48,1,490,27,0
1,48,0,450,59,0
1,71,0,455,52,0
1,41,0,400,56,0
1,16,0,900,16,1
0,74,1,160,47,0
1,50,0,290,41,0
0,52,1,655,24,1
0,10,1,995,9,1
1,94,1,415,52,0
1,99,1,390,24,0
1,49,1,985,14,1
0,55,0,965,12,1
1,59,0,655,51,1
1,17,0,825,54,1
0,37,0,670,27,1
0,65,0,760,46,1
1,43,0,380,67,0
0,78,0,660,49,1
0,65,0,405,35,0
0,78,1,520,13,0
1,62,0,390,59,0
1,42,0,385,76,0
0,22,1,900,19,1
0,24,1,940,2,1
0,56,0,900,14,1
0,13,0,740,17,1
1,51,1,415,56,0
1,9,1,900,37,1
1,75,0,490,47,1
0,40,0,700,23,1
1,77,0,450,45,0
0,62,0,365,40,0
0,12,0,845,10,1
1,72,0,200,12,0
1,12,0,445,6,0
1,37,1,110,27,0
1,53,0,400,73,0
1,64,0,735,33,1
1,89,0,505,42,0
0,66,1,295,31,0
1,94,1,305,59,0
1,50,0,515,14,0
1,81,0,900,25,1
1,84,0,250,48,0
1,56,0,490,39,0
1,72,0,315,34,0
0,18,0,760,15,1
1,72,0,350,56,0
1,40,0,470,79,0
1,41,0,440,75,0
0,47,1,980,21,1
0,13,1,740,11,1
0,88,1,390,34,0
0,21,1,850,1,1
0,17,1,805,58,1
1,71,0,250,18,0
1,41,0,900,53,1
1,67,0,435,37,0
1,60,0,325,57,0
1,14,0,830,29,1
0,10,0,900,21,1
1,58,0,140,36,0
0,36,1,865,27,1
0,44,0,935,28,1
0,34,0,745,11,1
1,69,1,290,52,0
1,48,0,485,62,0
1,25,0,345,11,0
0,28,1,795,29,1
0,16,1,870,3,1
0,75,1,750,52,1
0,9,0,900,22,1
0,68,0,150,58,0
0,11,1,650,12,1
1,58,0,480,47,0
1,52,0,410,59,0
1,72,0,275,23,0
0,17,1,850,25,1
0,18,1,840,16,1
1,37,0,485,55,0
0,18,0,760,13,1
0,27,1,995,11,1
0,10,1,815,9,1
1,14,1,980,8,1
0,23,1,710,13,1
0,12,1,935,3,1
1,78,1,105,44,0
1,94,0,535,42,0
0,9,1,815,23,1
1,97,1,385,54,0
0,28,1,910,13,1
0,27,1,695,27,1
0,59,0,935,47,1
1,76,0,220,35,0
1,98,0,335,43,0
1,49,0,400,58,0
0,31,1,760,48,1
0,23,1,950,13,1
0,20,1,805,8,1
1,40,0,415,73,0
0,18,1,930,19,1
1,89,1,280,51,0
1,44,0,370,64,0
0,13,1,965,29,1
1,94,0,355,52,0
0,33,0,935,23,1
1,47,1,320,26,0
0,47,0,820,15,1
1,90,0,285,37,0
1,54,0,895,6,1
1,56,0,965,7,1
0,33,1,915,26,1
1,38,0,475,52,0
0,79,0,295,46,0
0,43,0,745,15,1
0,33,0,816,32,1
1,9,1,395,18,0
1,9,1,875,21,1
0,14,1,985,12,1
0,31,1,650,10,1
0,42,0,885,7,1
0,93,1,175,44,0
1,66,1,540,49,0
0,20,1,955,12,1
0,40,1,730,20,1
0,49,0,130,8,0
0,13,1,985,24,1
1,53,1,190,37,0
0,17,1,840,1,1
1,41,0,380,77,0
1,10,1,790,23,1
0,10,1,895,5,1
0,56,1,795,8,1
1,93,1,510,38,0
0,30,0,715,19,1
1,77,1,375,44,0
0,24,1,955,12,1
1,49,0,525,7,0
1,43,0,385,77,0
1,33,1,505,12,0
1,89,1,540,41,0
1,51,0,350,71,0
0,32,0,755,13,1
1,52,1,200,55,0
0,36,1,965,27,1
1,35,0,445,73,0
0,8,0,660,21,1
0,36,1,725,27,1
1,80,1,360,33,0
1,74,1,235,34,0
1,24,1,675,8,1
1,46,0,422,66,0
0,23,1,800,17,1
1,78,0,475,54,0
1,81,1,470,35,0
0,34,1,735,28,1
1,45,0,345,61,0
0,24,1,165,16,0
1,59,0,320,37,0
1,63,0,120,54,0
1,32,0,120,27,0
1,74,0,375,39,0
1,50,0,300,74,0
1,54,1,335,52,0
0,48,1,945,20,1
0,57,1,745,12,1
1,59,1,240,56,0
1,39,0,320,79,0
1,35,0,450,82,0
0,24,1,930,26,1
1,49,0,305,81,0
0,50,1,385,12,0
1,54,1,450,29,0
1,80,1,170,49,0
0,95,1,525,5,0
1,51,1,125,48,0
1,23,0,680,24,1
1,45,0,140,11,0
0,59,1,840,52,1
0,28,0,665,0,1
0,30,1,805,12,1
1,48,0,935,7,1
0,18,1,970,26,1
1,16,1,285,20,0
0,52,1,705,12,1
1,80,1,180,49,0
0,39,1,860,16,1
0,21,1,915,16,1
1,53,1,175,46,0
0,51,0,855,15,1
0,55,0,805,34,1
0,27,1,805,19,1
1,46,0,495,76,0
0,39,1,990,29,1
0,11,0,660,26,1
1,76,1,325,52,0
0,57,0,800,26,1
1,53,0,370,76,0
0,57,0,820,34,1
0,10,1,815,12,1
1,44,0,940,23,1
0,13,1,905,0,1
1,48,1,990,25,1
1,54,0,470,73,0
0,51,0,795,8,1
0,21,1,860,28,1
1,18,0,430,17,0
1,67,1,305,52,0
0,81,0,350,34,0
0,11,1,945,19,1
1,75,0,215,39,0
1,44,0,320,71,0
1,56,0,285,32,0
1,69,1,210,51,0
1,37,0,315,70,0
0,11,0,875,6,1
0,56,0,965,24,1
0,37,1,915,15,1
1,47,0,310,60,0
1,94,1,190,41,0
1,10,0,155,12,0
0,53,1,950,7,1
0,51,1,850,24,1
0,18,1,925,21,1
1,52,0,310,54,0
0,52,1,845,5,1
0,78,0,865,32,1
1,54,0,175,36,0
1,24,1,675,14,1
1,64,0,525,42,0
1,69,0,185,35,0
0,16,0,424,38,1
1,72,1,388,53,1
1,34,0,885,24,1
1,70,0,385,48,0
0,33,1,845,24,1
1,51,0,405,74,0
0,34,1,685,10,1
1,60,0,320,39,0
0,16,1,860,19,1
1,47,0,335,81,0
0,30,1,755,17,1
1,72,0,650,58,1
0,17,1,995,8,1
1,28,0,975,26,1
1,74,0,290,33,0
0,42,1,840,53,1
0,13,1,870,8,1
1,51,0,130,5,0
0,40,1,830,18,1
1,35,0,425,59,0
0,16,1,925,19,1
0,90,0,105,51,0
0,23,0,830,50,1
1,79,0,180,45,0
0,54,0,805,6,1
1,42,0,480,70,0
0,19,0,795,11,1
0,18,0,955,11,1
0,95,1,390,46,0
1,96,0,255,55,0
1,52,1,525,58,0
1,49,0,475,64,0
0,26,0,935,8,1
1,68,0,360,41,0
1,50,1,775,25,1
0,82,1,300,47,1
0,73,0,670,43,1
1,66,1,125,46,0
1,44,0,395,70,0
0,56,1,735,20,1
0,21,1,760,47,1
1,36,0,435,62,0
1,59,0,255,47,0
1,8,0,305,9,0
0,33,0,765,30,1
1,42,0,355,80,0
1,87,0,415,47,0
1,56,0,425,20,0
0,37,1,895,24,1
1,51,0,405,49,0
0,11,1,900,28,1
0,56,0,850,8,1
1,50,0,435,45,0
1,51,1,310,37,0
0,20,1,905,20,1
1,68,0,285,33,0
0,36,0,895,55,1
0,94,0,210,30,0
1,61,1,365,55,0
1,49,0,365,72,0
1,92,0,470,53,0
0,23,1,890,19,1
1,42,0,800,24,1
1,80,0,400,50,0
0,35,0,795,24,1
0,77,0,925,32,1
1,98,0,430,52,0
1,46,0,330,51,0
0,37,1,890,14,1
0,17,1,855,20,1
1,75,1,445,44,0
0,20,1,970,5,1
1,95,0,385,31,0
0,10,1,675,29,1
1,59,1,300,38,1
1,68,1,430,58,0
0,15,1,815,7,1
1,58,0,380,14,0
1,71,1,405,37,0
1,90,0,255,14,0
0,16,1,995,3,1
0,38,1,925,25,1
0,16,1,985,29,1
1,77,0,405,54,0
0,19,1,915,21,1
0,15,1,725,15,1
1,59,0,480,44,0
1,33,0,165,20,0
1,69,0,135,54,0
1,19,1,100,17,0
1,40,1,675,13,1
0,52,1,895,27,1
0,13,1,955,22,1
1,97,0,330,38,0
0,46,0,720,11,1
0,7,1,826,20,1
0,51,1,725,42,1
1,58,1,318,59,1
1,90,1,140,37,0
1,71,0,430,46,0
1,75,0,350,51,0
1,69,0,255,53,0
0,51,1,845,35,1
1,37,0,335,51,0
1,65,1,710,56,1
0,36,1,800,11,1
0,34,0,845,14,1
0,79,0,120,59,0
1,80,0,395,53,0
0,16,1,905,25,1
1,61,1,220,30,0
1,48,0,495,63,0
0,73,1,870,52,1
0,18,0,850,27,1
1,39,0,350,62,0
1,87,0,515,21,0
1,47,0,420,81,0
0,32,1,845,17,1
0,64,0,525,53,0
0,54,0,755,18,1
1,49,1,450,14,0
1,52,0,310,83,0
1,69,0,180,45,0
0,22,0,925,20,1
0,17,1,875,6,1
0,17,1,840,17,1
1,82,1,230,56,0
1,54,0,345,47,0
1,39,0,340,81,0
0,65,0,260,59,0
1,80,0,380,36,0
0,20,1,980,16,1
0,18,1,920,18,1
1,60,1,480,39,0
1,66,0,295,11,0
0,16,1,975,12,1
1,54,0,495,76,0
0,13,1,960,4,1
0,34,1,840,47,1
1,67,0,170,36,0
0,52,0,760,22,1
1,44,0,340,59,0
0,21,1,940,18,1
1,50,0,205,43,0
0,72,1,980,41,1
0,19,1,860,15,1
0,55,1,715,18,1
0,27,1,995,20,1
0,61,1,305,34,0
0,18,0,755,23,1
0,26,0,875,24,1
0,50,1,815,26,1
1,99,1,390,30,0
0,22,0,770,10,1
0,41,1,870,19,1
1,58,1,940,26,1
0,25,1,875,31,1
0,10,1,955,10,1
0,28,0,885,28,1
1,49,0,340,52,0
1,56,0,130,47,0
1,56,0,450,56,0
0,7,0,955,27,1
1,15,1,780,20,1
0,20,1,925,18,1
1,35,0,315,59,0
1,54,0,430,14,0
1,53,0,440,63,0
1,54,0,445,80,0
1,60,0,240,54,0
1,56,1,960,31,1
1,98,0,205,38,0
0,68,0,100,24,0
1,15,1,985,28,1
1,39,0,300,53,0
1,86,0,340,42,0
0,19,0,910,23,1
0,29,1,955,10,1
1,59,0,490,56,0
0,62,1,970,52,1
1,52,0,365,79,0
1,49,0,415,72,0
1,38,0,490,59,0
1,52,0,375,77,0
1,93,0,480,30,0
1,38,0,475,50,0
1,55,0,485,49,0
0,14,1,900,3,1
1,78,0,210,49,0
0,54,1,655,57,1
0,64,1,325,38,0
0,12,1,835,13,1
1,57,1,790,56,1
1,54,0,485,35,0
0,75,1,115,31,0
0,55,1,785,22,1
0,24,0,855,29,1
1,75,0,260,53,0
0,91,0,225,41,0
0,59,1,815,56,1
1,40,0,325,61,0
0,23,1,920,13,1
1,50,0,885,15,1
1,67,1,320,48,0
0,48,1,725,10,1
0,31,0,670,25,1
0,17,1,925,6,1
1,55,0,490,39,0
1,72,0,365,41,0
1,75,1,390,56,0
1,88,0,315,46,0
0,16,1,825,10,1
0,11,0,955,12,1
1,75,0,150,32,0
0,53,1,895,28,1
0,53,0,670,41,1
1,15,1,795,28,1
1,51,0,405,82,0
0,87,0,448,55,1
0,10,1,870,13,1
1,32,1,845,27,1
0,36,0,995,10,1
0,10,1,905,25,1
0,10,1,670,50,1
1,42,0,435,55,0
1,92,1,305,57,0
1,53,1,235,30,0
1,20,1,295,17,0
0,13,1,665,6,1
1,46,0,380,80,0
1,66,1,415,20,0
1,73,0,270,58,0
0,11,1,905,29,1
0,21,1,100,24,0
1,69,0,340,38,0
0,21,0,940,37,1
0,84,1,535,56,0
0,59,0,900,12,1
0,53,1,970,42,1
1,78,0,355,50,0
0,46,0,995,23,1
0,33,1,655,6,1
1,55,1,280,53,0
1,69,1,505,46,0
1,59,0,365,42,0
1,56,1,265,9,0
1,80,1,300,25,0
0,37,0,755,6,1
0,37,1,670,11,1
0,37,1,950,22,1
1,52,0,310,56,0
1,31,1,415,17,0
1,90,0,490,32,0
0,91,0,280,33,0
1,65,0,165,58,0
1,86,1,220,47,0
1,41,0,350,75,0
0,16,1,895,13,1
1,21,0,750,15,1
1,38,0,365,74,0
0,57,1,485,25,0
0,59,1,975,32,1
0,23,1,910,21,1
0,85,0,100,49,0
1,29,0,700,27,1
0,48,1,800,24,1
0,16,1,815,25,1
0,45,1,710,13,1
0,19,0,830,47,1
1,54,0,475,43,0
0,40,1,820,5,1
0,14,1,960,8,1
0,52,1,780,12,1
1,48,0,475,55,0
0,49,0,398,47,1
0,57,0,317,8,1
1,91,1,210,31,0
0,13,1,810,2,1
0,31,1,980,22,1
1,10,0,340,24,0
0,26,0,970,23,1
1,94,0,480,52,0
1,37,0,300,73,0
1,97,0,375,16,0
1,89,1,305,55,0
0,11,1,965,28,1
1,72,1,105,18,0
1,43,1,295,10,0
0,91,0,310,39,0
1,91,0,470,51,0
0,48,0,955,14,1
0,17,0,945,13,1
0,18,1,815,0,1
1,20,0,305,14,0
1,57,0,405,42,0
1,87,1,335,50,0
0,37,0,890,15,1
1,77,1,515,46,0
1,36,0,325,63,0
0,66,0,450,42,0
1,85,0,350,42,0
1,52,0,425,60,0
0,19,1,905,26,1
0,42,1,860,24,1
0,77,1,180,33,0
0,7,0,813,0,1
0,28,1,658,2,0
1,29,1,995,45,1
0,37,1,680,14,1
1,67,1,110,33,0
0,49,1,670,14,1
0,21,1,800,29,1
0,11,1,855,2,1
0,80,0,465,50,0
1,55,1,460,57,0
0,17,1,845,20,1
0,78,0,325,42,0
0,11,1,950,15,1
1,61,0,510,45,0
0,23,1,895,29,1
0,18,1,805,28,1
0,18,1,965,15,1
0,56,1,145,44,0
0,88,1,150,35,0
1,92,0,495,17,0
0,33,1,815,7,1
1,42,0,395,70,0
0,30,0,965,10,1
0,27,0,840,25,1
0,15,1,935,15,1
1,72,1,530,57,0
0,31,0,865,18,1
0,96,0,140,56,0
1,53,0,360,39,0
0,49,0,730,21,1
0,19,0,740,22,1
0,48,0,730,7,1
0,52,1,325,43,0
0,52,1,280,50,0
1,56,1,850,7,1
1,91,0,475,54,0
1,55,1,676,37,1
0,26,1,850,41,1
1,14,0,740,8,1
1,54,1,395,55,0
0,21,1,915,11,1
0,69,0,950,56,1
1,45,0,365,76,0
0,17,1,870,23,1
